epoch,loss,acc,top5
1,0.090081021,0.969620743,0.999613003
2,0.077160068,0.974264706,0.999806502
3,0.055687275,0.980843653,0.999806502
4,0.042710148,0.986842105,0.999806502
5,0.043261677,0.986455108,0.999806502
