epoch,loss
1,0.335723639
2,0.064916678
3,0.042463955
4,0.036740445
5,0.024696656
